<keymap version="1" name="Mac OS X 10.5+ copy" parent="Mac OS X 10.5+">
  <action id="Diff.SelectedChange" />
  <action id="GotoChangedFile" />
  <action id="GotoClass">
    <keyboard-shortcut first-keystroke="shift meta o" />
  </action>
  <action id="GotoFile">
    <keyboard-shortcut first-keystroke="meta o" />
  </action>
  <action id="Move" />
  <action id="NewFile">
    <keyboard-shortcut first-keystroke="shift meta n" />
  </action>
  <action id="NewScratchFile" />
  <action id="RenameElement">
    <keyboard-shortcut first-keystroke="f6" />
  </action>
</keymap>