<application>
  <component name="FileTypeManager" version="17">
    <extensionMap>
      <mapping ext="docker" type="Dockerfile" />
      <removed_mapping pattern=".babelrc" approved="true" type="JSON" />
      <mapping pattern=".babelrc" type="JSON5" />
      <mapping pattern=".babel6-rc" type="JSON5" />
      <mapping pattern="CNAME" type="PLAIN_TEXT" />
      <mapping pattern=".npmrc" type="PLAIN_TEXT" />
      <mapping pattern=".env" type="PLAIN_TEXT" />
      <mapping pattern="justfile" type="PLAIN_TEXT" />
      <mapping pattern=".tslintignore" type="PLAIN_TEXT" />
      <mapping pattern=".envrc" type="PLAIN_TEXT" />
      <mapping pattern=".browserslistrc" type="PLAIN_TEXT" />
      <mapping pattern=".browserlistrc" type="PLAIN_TEXT" />
      <mapping pattern=".env.local" type="PLAIN_TEXT" />
      <mapping pattern="del" type="PLAIN_TEXT" />
      <mapping pattern=".gitkeep" type="PLAIN_TEXT" />
      <mapping pattern="tinkoff" type="PLAIN_TEXT" />
      <mapping pattern="LICENSE" type="PLAIN_TEXT" />
      <mapping pattern=".gitconfig" type="PLAIN_TEXT" />
      <mapping pattern="__tests__" type="PLAIN_TEXT" />
      <mapping pattern=".flowconfig" type="PLAIN_TEXT" />
      <mapping pattern="Makefile" type="PLAIN_TEXT" />
      <mapping pattern="a" type="PLAIN_TEXT" />
      <mapping ext="mk" type="PLAIN_TEXT" />
      <mapping ext="toml" type="PLAIN_TEXT" />
      <mapping ext="jison" type="PLAIN_TEXT" />
      <mapping ext="ps1" type="PLAIN_TEXT" />
      <mapping ext="j" type="PLAIN_TEXT" />
      <mapping ext="ms" type="PLAIN_TEXT" />
      <mapping ext="lang" type="PLAIN_TEXT" />
      <removed_mapping ext="dot" approved="true" type="PLAIN_TEXT" />
      <removed_mapping pattern=".babelrc" approved="true" type="JSON" />
    </extensionMap>
  </component>
</application>