<application>
  <component name="FindSettings">
    <option name="customScope" value="All Places" />
    <option name="defaultScopeName" value="All Places" />
    <option name="SEARCH_SCOPE" value="All Places" />
    <mask>*.properties</mask>
    <mask>*.jsp</mask>
    <mask>*.xml</mask>
    <mask>*.java</mask>
    <mask>*.as</mask>
    <mask>*.css</mask>
    <mask>*.mxml</mask>
    <mask>*.html</mask>
    <mask>*.jsx</mask>
    <mask>*.md</mask>
    <mask>*.ts</mask>
    <mask>*.js*</mask>
    <mask>*.ts*</mask>
    <mask>*.stories.js</mask>
    <mask>*.stories.jsx</mask>
    <mask>*.json</mask>
    <mask>*.js</mask>
  </component>
</application>