<filetype binary="false" description="GraphViz dotfile" name="GraphViz dotfile">
  <highlighting>
    <options>
      <option name="LINE_COMMENT" value="#" />
      <option name="COMMENT_START" value="" />
      <option name="COMMENT_END" value="" />
      <option name="HEX_PREFIX" value="" />
      <option name="NUM_POSTFIXES" value="" />
      <option name="HAS_BRACES" value="true" />
      <option name="HAS_BRACKETS" value="true" />
      <option name="HAS_PARENS" value="true" />
      <option name="HAS_STRING_ESCAPES" value="true" />
    </options>
    <keywords keywords="digraph;node;subgraph" ignore_case="false" />
  </highlighting>
  <extensionMap>
    <mapping ext="dot" />
  </extensionMap>
</filetype>