<filetype binary="false" description="Tupfile" name="Tupfile">
  <highlighting>
    <options>
      <option name="LINE_COMMENT" value="#" />
      <option name="COMMENT_START" value="" />
      <option name="COMMENT_END" value="" />
      <option name="HEX_PREFIX" value="" />
      <option name="NUM_POSTFIXES" value="" />
      <option name="HAS_BRACES" value="true" />
      <option name="HAS_BRACKETS" value="true" />
      <option name="HAS_PARENS" value="true" />
      <option name="HAS_STRING_ESCAPES" value="true" />
      <option name="LINE_COMMENT_AT_START" value="true" />
    </options>
    <keywords keywords="else;endif;export;foreach;ifdef;ifeq;ifneq;include;include_rules;preload;run" ignore_case="false" />
    <keywords2 keywords=":;|;|&gt;" />
    <keywords3 keywords="!;&amp;;:=;=;@" />
  </highlighting>
  <extensionMap>
    <mapping pattern="Tupfile" />
    <mapping pattern="Tupdefault" />
    <mapping ext="tup" />
  </extensionMap>
</filetype>